MT-03;2022;MT320;29300;Rekomendowana cena detaliczna. W sprawie wyposażenia prosimy o kontakt z dealerem.
MT-10 SP;2024;MT10DX;87000;Rekomendowana cena detaliczna. W sprawie wyposażenia prosimy o kontakt z dealerem.
MT-10;2024;MT10;73500;Rekomendowana cena detaliczna. W sprawie wyposażenia prosimy o kontakt z dealerem.
MT-09 SP;2024;MT09DX;59000;Rekomendowana cena detaliczna. W sprawie wyposażenia prosimy o kontakt z dealerem.
MT-09;2025;MT09A;0;brak disclaimera
MT-09 SP;2023;MT09DX;54000;Rekomendowana cena detaliczna. W sprawie wyposażenia prosimy o kontakt z dealerem.
MT-07;2025;MT07A;0;brak disclaimera
MT-07;2024;MT07A;35900;Rekomendowana cena detaliczna. W sprawie wyposażenia prosimy o kontakt z dealerem.
MT-07;2023;MT07A;35900;Rekomendowana cena detaliczna. W sprawie wyposażenia prosimy o kontakt z dealerem.
MT-07 Pure;2024;MT07AB;34000;Rekomendowana cena detaliczna. W sprawie wyposażenia prosimy o kontakt z dealerem.
MT-03;2025;MT320;0;brak disclaimera
MT-03;2024;MT320;29300;Rekomendowana cena detaliczna. W sprawie wyposażenia prosimy o kontakt z dealerem.
MT-125;2025;MT125A;24300;Rekomendowana cena detaliczna. W sprawie wyposażenia prosimy o kontakt z dealerem.
MT-125;2024;MT125;24300;Rekomendowana cena detaliczna. W sprawie wyposażenia prosimy o kontakt z dealerem.
